<?xml version="1.0" encoding="UTF-8"?>
<project-private xmlns="http://www.netbeans.org/ns/project-private/1">
    <editor-bookmarks xmlns="http://www.netbeans.org/ns/editor-bookmarks/2" lastBookmarkId="0"/>
    <open-files xmlns="http://www.netbeans.org/ns/projectui-open-files/2">
        <group>
            <file>file:/C:/Users/97150/Desktop/InvestmentPortfolio_G13%5B1%5D/InvestmentPortfolio_G13/src/investmentportfolio_g13/Investor_G13.java</file>
            <file>file:/C:/Users/97150/Desktop/InvestmentPortfolio_G13%5B1%5D/InvestmentPortfolio_G13/Investors.CSV</file>
            <file>file:/C:/Users/97150/Desktop/InvestmentPortfolio_G13%5B1%5D/InvestmentPortfolio_G13/src/investmentportfolio_g13/Interest_G13.java</file>
            <file>file:/C:/Users/97150/Desktop/InvestmentPortfolio_G13%5B1%5D/InvestmentPortfolio_G13/src/investmentportfolio_g13/Investment_G13.java</file>
            <file>file:/C:/Users/97150/Desktop/InvestmentPortfolio_G13%5B1%5D/InvestmentPortfolio_G13/src/investmentportfolio_g13/Portfolio_G13.java</file>
            <file>file:/C:/Users/97150/Desktop/InvestmentPortfolio_G13%5B1%5D/InvestmentPortfolio_G13/src/investmentportfolio_g13/Bond_G13.java</file>
            <file>file:/C:/Users/97150/Desktop/InvestmentPortfolio_G13%5B1%5D/InvestmentPortfolio_G13/src/investmentportfolio_g13/MutualFund_G13.java</file>
            <file>file:/C:/Users/97150/Desktop/InvestmentPortfolio_G13%5B1%5D/InvestmentPortfolio_G13/src/investmentportfolio_g13/FinanceCorp_MS_G13.java</file>
        </group>
    </open-files>
</project-private>
